{"cameraMode":{"drawMode":0,"name":"Shaded","section":"Shading Mode"},"sceneLighting":true,"audioPlay":false,"sceneViewState":{"m_AlwaysRefresh":false,"showFog":true,"showSkybox":true,"showFlares":true,"showImageEffects":true,"showParticleSystems":true,"showVisualEffectGraphs":true,"m_FxEnabled":true},"in2DMode":false,"pivot":{"x":-0.71982741355896,"y":-0.3451981544494629,"z":-2.7478575706481935},"rotation":{"x":0.22340402007102967,"y":-0.04903270676732063,"z":0.01125080231577158,"w":0.9734390377998352},"size":14.320781707763672,"orthographic":false}